<?xml version="1.0" encoding="UTF-8"?>
<project-private xmlns="http://www.netbeans.org/ns/project-private/1">
    <editor-bookmarks xmlns="http://www.netbeans.org/ns/editor-bookmarks/2" lastBookmarkId="0"/>
    <open-files xmlns="http://www.netbeans.org/ns/projectui-open-files/2">
        <group>
            <file>file:/C:/Users/tonif/Documents/Carpeta%20repos%20UIB/Programacio%20general/Ejercicios/Programacion-II/EjerciciosMatrices/src/ejerciciosmatrices/FicheroMatricesInOut.java</file>
            <file>file:/C:/Users/tonif/Documents/Carpeta%20repos%20UIB/Programacio%20general/Ejercicios/Programacion-II/EjerciciosMatrices/src/ejerciciosmatrices/MatrizNxM.java</file>
            <file>file:/C:/Users/tonif/Documents/Carpeta%20repos%20UIB/Programacio%20general/Ejercicios/Programacion-II/EjerciciosMatrices/src/ejerciciosmatrices/ResolucionOrdenacionBusqueda.java</file>
        </group>
    </open-files>
</project-private>
