<?xml version="1.0" encoding="UTF-8"?>
<project-private xmlns="http://www.netbeans.org/ns/project-private/1">
    <editor-bookmarks xmlns="http://www.netbeans.org/ns/editor-bookmarks/2" lastBookmarkId="0"/>
    <open-files xmlns="http://www.netbeans.org/ns/projectui-open-files/2">
        <group>
            <file>file:/C:/Users/tonif/Documents/Carpeta%20repos%20UIB/Programacio%20general/Prácticas/Taller1%20Antoni%20Frau%20Gordiola/src/Taller1/ProgramaPrincipal.java</file>
            <file>file:/C:/Users/tonif/Documents/Carpeta%20repos%20UIB/Programacio%20general/Prácticas/Taller1%20Antoni%20Frau%20Gordiola/src/Taller1/Album.java</file>
            <file>file:/C:/Users/tonif/Documents/Carpeta%20repos%20UIB/Programacio%20general/Prácticas/Taller1%20Antoni%20Frau%20Gordiola/src/Taller1/InsercionDatosException.java</file>
            <file>file:/C:/Users/tonif/Documents/Carpeta%20repos%20UIB/Programacio%20general/Prácticas/Taller1%20Antoni%20Frau%20Gordiola/src/Taller1/AlbumVotos.java</file>
            <file>file:/C:/Users/tonif/Documents/Carpeta%20repos%20UIB/Programacio%20general/Prácticas/Taller1%20Antoni%20Frau%20Gordiola/src/Taller1/Voto.java</file>
            <file>file:/C:/Users/tonif/Documents/Carpeta%20repos%20UIB/Programacio%20general/Prácticas/Taller1%20Antoni%20Frau%20Gordiola/src/Taller1/FicheroAlbumInOut.java</file>
            <file>file:/C:/Users/tonif/Documents/Carpeta%20repos%20UIB/Programacio%20general/Prácticas/Taller1%20Antoni%20Frau%20Gordiola/src/Taller1/FicheroAlbumLectura.java</file>
        </group>
    </open-files>
</project-private>
