<?xml version="1.0" encoding="UTF-8"?>
<project-private xmlns="http://www.netbeans.org/ns/project-private/1">
    <editor-bookmarks xmlns="http://www.netbeans.org/ns/editor-bookmarks/2" lastBookmarkId="0"/>
    <open-files xmlns="http://www.netbeans.org/ns/projectui-open-files/2">
        <group>
            <file>file:/C:/Users/tonif/Documents/Carpeta%20repos%20UIB/Programacion-I/ejercicios_gamificaciion_3_toni_frau/src/ejercicios_gamificaciion_3_toni_frau/Ejercicio5.java</file>
            <file>file:/C:/Users/tonif/Documents/Carpeta%20repos%20UIB/Programacion-I/ejercicios_gamificaciion_3_toni_frau/src/ejercicios_gamificaciion_3_toni_frau/Ejercicio2.java</file>
            <file>file:/C:/Users/tonif/Documents/Carpeta%20repos%20UIB/Programacion-I/ejercicios_gamificaciion_3_toni_frau/src/ejercicios_gamificaciion_3_toni_frau/Ejercicio6.java</file>
            <file>file:/C:/Users/tonif/Documents/Carpeta%20repos%20UIB/Programacion-I/ejercicios_gamificaciion_3_toni_frau/src/ejercicios_gamificaciion_3_toni_frau/Ejercicio10.java</file>
            <file>file:/C:/Users/tonif/Documents/Carpeta%20repos%20UIB/Programacion-I/ejercicios_gamificaciion_3_toni_frau/src/ejercicios_gamificaciion_3_toni_frau/Ejercicio11.java</file>
            <file>file:/C:/Users/tonif/Documents/Carpeta%20repos%20UIB/Programacion-I/ejercicios_gamificaciion_3_toni_frau/src/ejercicios_gamificaciion_3_toni_frau/Ejercicio7.java</file>
            <file>file:/C:/Users/tonif/Documents/Carpeta%20repos%20UIB/Programacion-I/ejercicios_gamificaciion_3_toni_frau/src/ejercicios_gamificaciion_3_toni_frau/Ejercicio9.java</file>
            <file>file:/C:/Users/tonif/Documents/Carpeta%20repos%20UIB/Programacion-I/ejercicios_gamificaciion_3_toni_frau/src/ejercicios_gamificaciion_3_toni_frau/Ejercicio3.java</file>
            <file>file:/C:/Users/tonif/Documents/Carpeta%20repos%20UIB/Programacion-I/ejercicios_gamificaciion_3_toni_frau/src/ejercicios_gamificaciion_3_toni_frau/Ejercicio12.java</file>
            <file>file:/C:/Users/tonif/Documents/Carpeta%20repos%20UIB/Programacion-I/ejercicios_gamificaciion_3_toni_frau/src/ejercicios_gamificaciion_3_toni_frau/Ejercicio4.java</file>
            <file>file:/C:/Users/tonif/Documents/Carpeta%20repos%20UIB/Programacion-I/ejercicios_gamificaciion_3_toni_frau/src/ejercicios_gamificaciion_3_toni_frau/Ejercicio8.java</file>
        </group>
    </open-files>
</project-private>
