<?xml version="1.0" encoding="UTF-8"?>
<project-private xmlns="http://www.netbeans.org/ns/project-private/1">
    <editor-bookmarks xmlns="http://www.netbeans.org/ns/editor-bookmarks/2" lastBookmarkId="1">
        <file>
            <url>src/ClasePrincipal.java</url>
            <bookmark id="1">
                <name/>
                <line>85</line>
                <key/>
            </bookmark>
        </file>
    </editor-bookmarks>
    <open-files xmlns="http://www.netbeans.org/ns/projectui-open-files/2">
        <group>
            <file>file:/C:/Users/tonif/Documents/Carpeta%20repos%20UIB/Programacio%20general/Prácticas/Taller2%20Antoni%20Frau%20Gordiola/src/taller2antonifraugordiola/PanelInformativo.java</file>
            <file>file:/C:/Users/tonif/Documents/Carpeta%20repos%20UIB/Programacio%20general/Prácticas/Taller2%20Antoni%20Frau%20Gordiola/src/taller2antonifraugordiola/ClasePrincipal.java</file>
            <file>file:/C:/Users/tonif/Documents/Carpeta%20repos%20UIB/Programacio%20general/Prácticas/Taller2%20Antoni%20Frau%20Gordiola/src/taller2antonifraugordiola/PanelJuego.java</file>
            <file>file:/C:/Users/tonif/Documents/Carpeta%20repos%20UIB/Programacio%20general/Prácticas/Taller2%20Antoni%20Frau%20Gordiola/src/taller2antonifraugordiola/PanelStandby.java</file>
            <file>file:/C:/Users/tonif/Documents/Carpeta%20repos%20UIB/Programacio%20general/Prácticas/Taller2%20Antoni%20Frau%20Gordiola/src/taller2antonifraugordiola/Cuadrado.java</file>
        </group>
    </open-files>
</project-private>
